repo_name,repo_owner,pr_created_at,pr_closed_or_merged_at,pr_reviews_count,pr_review_duration_hours,pr_additions,pr_deletions,pr_changed_files,pr_comments_count,pr_participants_count,pr_description_length
build-your-own-x,codecrafters-io,2018-05-10T10:35:14Z,2018-05-11 08:27:20,0,21.868333333333332,22,3,1,3,2,236
build-your-own-x,codecrafters-io,2018-05-11T02:27:06Z,2018-05-11 07:17:47,0,4.844722222222222,1,0,1,1,2,0
build-your-own-x,codecrafters-io,2018-05-11T02:35:10Z,2018-05-11 07:37:35,0,5.040277777777778,1,0,1,1,2,0
build-your-own-x,codecrafters-io,2018-05-11T10:08:57Z,2018-05-12 07:55:36,3,21.7775,1,0,1,1,2,193
build-your-own-x,codecrafters-io,2018-05-11T16:52:43Z,2018-05-12 07:58:43,0,15.1,1,0,1,1,2,0
build-your-own-x,codecrafters-io,2018-05-12T08:21:04Z,2018-05-13 10:53:26,1,26.539444444444445,1,0,1,1,2,0
build-your-own-x,codecrafters-io,2018-05-12T22:40:14Z,2018-05-13 06:52:37,0,8.206388888888888,1,1,1,1,2,0
build-your-own-x,codecrafters-io,2018-05-12T23:21:23Z,2018-05-13 06:50:27,0,7.484444444444445,3,2,1,1,2,0
build-your-own-x,codecrafters-io,2018-05-13T02:49:07Z,2018-05-13 06:56:34,0,4.1241666666666665,1,0,1,1,2,46
build-your-own-x,codecrafters-io,2018-05-13T13:54:06Z,2018-05-13 21:45:40,0,7.859444444444445,1,0,1,1,2,0
build-your-own-x,codecrafters-io,2018-05-13T14:44:31Z,2018-05-14 06:51:54,1,16.123055555555556,1,0,1,1,2,0
build-your-own-x,codecrafters-io,2018-05-13T14:53:29Z,2018-05-13 20:21:45,0,5.471111111111111,1,0,1,1,2,0
build-your-own-x,codecrafters-io,2018-05-13T14:55:57Z,2018-05-13 22:22:04,0,7.435277777777777,2,0,1,1,2,236
build-your-own-x,codecrafters-io,2018-05-13T15:46:24Z,2018-05-13 20:24:58,0,4.642777777777778,1,0,1,1,2,48
build-your-own-x,codecrafters-io,2018-05-13T15:52:06Z,2018-05-13 20:36:36,0,4.741666666666666,11,12,1,1,2,50
build-your-own-x,codecrafters-io,2018-05-13T17:54:57Z,2018-05-13 20:44:22,0,2.823611111111111,19,0,1,1,2,0
build-your-own-x,codecrafters-io,2018-05-13T23:29:09Z,2018-05-14 17:27:47,0,17.977222222222224,1,0,1,1,2,0
build-your-own-x,codecrafters-io,2018-05-13T23:38:17Z,2018-05-14 07:06:36,0,7.4719444444444445,1,1,1,1,2,103
build-your-own-x,codecrafters-io,2018-05-13T23:57:44Z,2018-05-14 07:20:27,0,7.378611111111111,1,1,2,1,2,219
build-your-own-x,codecrafters-io,2018-05-14T07:05:14Z,2018-05-14 18:28:38,0,11.39,1,0,1,1,2,0
build-your-own-x,codecrafters-io,2018-05-14T10:58:24Z,2018-05-14 17:00:13,0,6.030277777777778,11,2,1,1,2,1256
build-your-own-x,codecrafters-io,2018-05-14T14:37:35Z,2018-05-15 13:35:32,3,22.965833333333332,1,0,1,1,2,74
build-your-own-x,codecrafters-io,2018-05-14T16:41:01Z,2018-05-14 17:51:41,0,1.1777777777777778,1,0,1,1,2,87
build-your-own-x,codecrafters-io,2018-05-14T17:30:12Z,2018-05-14 18:55:00,2,1.4133333333333333,2,1,1,1,2,19
build-your-own-x,codecrafters-io,2018-05-14T23:36:04Z,2018-05-15 07:20:56,0,7.747777777777777,1,0,1,1,2,103
build-your-own-x,codecrafters-io,2018-05-15T11:03:15Z,2018-05-15 13:38:42,0,2.5908333333333333,1,0,1,1,2,0
build-your-own-x,codecrafters-io,2018-05-15T16:26:15Z,2018-05-15 21:41:32,0,5.254722222222222,6,0,1,1,2,60
build-your-own-x,codecrafters-io,2018-05-16T02:18:13Z,2018-05-16 06:00:52,0,3.7108333333333334,2,2,1,1,2,191
build-your-own-x,codecrafters-io,2018-05-16T03:05:49Z,2018-05-16 05:59:46,0,2.8991666666666664,6,6,1,1,2,23
build-your-own-x,codecrafters-io,2018-05-18T07:52:17Z,2018-05-18 12:21:47,0,4.491666666666666,1,0,1,1,2,61
build-your-own-x,codecrafters-io,2018-05-21T15:24:17Z,2018-05-22 07:19:31,0,15.920555555555556,1,1,1,1,2,148
build-your-own-x,codecrafters-io,2018-05-24T05:49:20Z,2018-05-24 09:21:06,1,3.5294444444444446,9,1,1,1,3,104
build-your-own-x,codecrafters-io,2018-05-26T16:12:02Z,2018-05-28 08:32:23,0,40.339166666666664,1,0,1,2,2,70
build-your-own-x,codecrafters-io,2018-05-27T01:19:58Z,2018-05-28 08:19:52,0,30.998333333333335,1,0,1,1,2,0
build-your-own-x,codecrafters-io,2018-05-27T21:50:28Z,2018-05-28 07:56:03,0,10.093055555555555,1,0,1,1,2,0
build-your-own-x,codecrafters-io,2018-05-28T22:02:00Z,2018-05-29 08:35:13,0,10.553611111111111,1,1,1,1,2,17
build-your-own-x,codecrafters-io,2018-05-29T10:12:23Z,2018-05-30 18:57:27,0,32.75111111111111,1,0,1,1,2,282
build-your-own-x,codecrafters-io,2018-05-29T12:43:05Z,2018-05-30 19:02:34,0,30.32472222222222,1,0,1,1,2,277
build-your-own-x,codecrafters-io,2018-05-31T07:08:10Z,2018-06-01 07:50:41,0,24.70861111111111,1,0,1,1,2,41
build-your-own-x,codecrafters-io,2018-05-31T23:37:18Z,2018-06-01 08:04:22,0,8.45111111111111,1,0,1,1,2,0
build-your-own-x,codecrafters-io,2018-06-14T17:44:32Z,2018-06-14 22:05:39,0,4.351944444444444,1,1,1,1,2,49
build-your-own-x,codecrafters-io,2018-06-24T09:09:39Z,2018-06-29 10:33:16,1,121.39361111111111,2,0,1,1,3,244
build-your-own-x,codecrafters-io,2018-06-27T16:12:48Z,2018-06-29 10:24:36,0,42.196666666666665,1,0,1,3,3,0
build-your-own-x,codecrafters-io,2018-07-29T11:35:26Z,2018-08-06 06:17:13,0,186.6963888888889,1,0,1,1,3,0
build-your-own-x,codecrafters-io,2018-08-10T13:20:59Z,2018-08-10 16:26:03,0,3.0844444444444443,1,1,1,1,2,161
build-your-own-x,codecrafters-io,2018-08-13T09:38:33Z,2018-08-29 06:27:46,0,380.8202777777778,1,0,1,1,2,86
build-your-own-x,codecrafters-io,2018-08-18T00:33:57Z,2018-08-20 11:47:49,0,59.23111111111111,1,0,1,1,2,0
build-your-own-x,codecrafters-io,2018-08-18T09:00:57Z,2018-08-20 11:46:10,0,50.75361111111111,1,0,1,1,2,0
build-your-own-x,codecrafters-io,2018-09-09T10:32:46Z,2018-10-03 20:15:17,0,585.7086111111112,9,6,1,1,2,36
build-your-own-x,codecrafters-io,2018-09-15T19:21:00Z,2018-09-24 12:05:38,0,208.74388888888888,1,0,1,1,2,0
build-your-own-x,codecrafters-io,2018-09-23T01:41:51Z,2018-09-24 12:04:46,0,34.38194444444444,0,1,1,1,2,45
build-your-own-x,codecrafters-io,2018-10-03T00:34:18Z,2018-10-03 20:16:49,0,19.70861111111111,1,0,1,1,2,0
build-your-own-x,codecrafters-io,2018-10-03T22:36:08Z,2018-10-12 08:42:58,0,202.11388888888888,1,0,1,1,2,141
build-your-own-x,codecrafters-io,2018-10-05T02:07:57Z,2018-10-12 08:47:03,0,174.65166666666667,1,0,1,1,2,0
build-your-own-x,codecrafters-io,2018-10-05T10:01:17Z,2018-10-12 08:49:42,0,166.80694444444444,1,0,1,1,2,0
build-your-own-x,codecrafters-io,2018-10-05T21:32:38Z,2018-10-12 08:52:13,0,155.32638888888889,1,0,1,1,2,0
build-your-own-x,codecrafters-io,2018-10-05T21:41:21Z,2018-10-12 08:57:38,0,155.27138888888888,1,0,1,1,2,0
build-your-own-x,codecrafters-io,2018-10-12T02:16:35Z,2018-10-12 09:01:50,0,6.754166666666666,2,0,1,1,2,0
build-your-own-x,codecrafters-io,2018-10-13T03:36:29Z,2018-11-16 22:24:35,0,834.8016666666666,1,0,1,0,2,0
build-your-own-x,codecrafters-io,2018-10-20T09:20:08Z,2018-10-22 09:07:54,0,47.79611111111111,1,0,1,1,2,0
build-your-own-x,codecrafters-io,2018-10-22T16:10:42Z,2018-11-16 22:25:39,0,606.2491666666666,0,1,1,0,1,168
build-your-own-x,codecrafters-io,2018-11-23T06:40:45Z,2018-11-25 10:52:32,0,52.19638888888889,1,0,1,2,2,39
build-your-own-x,codecrafters-io,2018-12-26T02:08:49Z,2018-12-27 10:24:29,0,32.26111111111111,0,0,1,1,2,0
build-your-own-x,codecrafters-io,2019-02-04T03:59:23Z,2019-03-01 10:45:12,0,606.7636111111111,1,1,1,0,2,0
build-your-own-x,codecrafters-io,2019-02-07T20:55:05Z,2019-03-01 10:43:22,0,517.8047222222223,1,1,1,0,2,93
build-your-own-x,codecrafters-io,2019-02-20T02:12:32Z,2019-02-20 08:52:05,0,6.659166666666667,1,1,1,3,3,0
build-your-own-x,codecrafters-io,2019-03-04T00:00:10Z,2019-03-10 11:28:47,0,155.47694444444446,0,1,1,1,2,89
build-your-own-x,codecrafters-io,2019-03-11T17:21:00Z,2019-03-11 18:38:24,0,1.29,1,0,1,1,2,45
build-your-own-x,codecrafters-io,2019-03-15T05:39:40Z,2019-06-07 06:48:48,0,2017.1522222222222,1,0,1,1,2,0
build-your-own-x,codecrafters-io,2019-03-27T02:34:20Z,2019-10-07 02:28:58,1,4655.910555555555,1,0,1,1,3,0
build-your-own-x,codecrafters-io,2019-03-27T18:29:00Z,2019-06-07 06:49:34,0,1716.3427777777779,1,0,1,2,3,89
build-your-own-x,codecrafters-io,2019-03-28T09:30:02Z,2019-06-07 06:47:57,0,1701.298611111111,0,1,1,1,2,0
build-your-own-x,codecrafters-io,2019-04-13T12:06:48Z,2024-07-25 17:59:41,1,46325.88138888889,1,0,1,1,2,68
build-your-own-x,codecrafters-io,2019-04-18T08:12:58Z,2019-06-07 06:46:39,0,1198.5613888888888,1,1,1,1,2,87
build-your-own-x,codecrafters-io,2019-04-23T20:08:14Z,2019-06-07 06:50:25,0,1066.7030555555555,1,0,1,1,2,169
build-your-own-x,codecrafters-io,2019-05-25T02:54:26Z,2019-06-07 06:45:24,0,315.84944444444443,1,1,1,1,2,274
build-your-own-x,codecrafters-io,2019-06-06T15:28:10Z,2019-06-07 06:44:10,0,15.266666666666667,1,1,1,1,2,0
build-your-own-x,codecrafters-io,2019-07-09T10:22:47Z,2019-07-09 11:54:09,0,1.5227777777777778,1,1,1,1,1,123
build-your-own-x,codecrafters-io,2019-07-09T14:16:52Z,2020-01-04 02:30:33,0,4284.228055555555,1,0,1,0,1,130
build-your-own-x,codecrafters-io,2019-07-16T20:26:18Z,2019-10-07 11:34:40,0,1983.1394444444445,1,0,1,2,3,0
build-your-own-x,codecrafters-io,2019-08-27T15:08:38Z,2019-08-28 07:26:02,0,16.29,0,1,1,2,3,0
build-your-own-x,codecrafters-io,2019-08-31T07:30:43Z,2019-08-31 13:35:05,0,6.072777777777778,2,9,1,2,1,0
build-your-own-x,codecrafters-io,2019-09-05T16:47:07Z,2019-10-07 11:37:28,0,762.8391666666666,1,0,1,0,2,63
build-your-own-x,codecrafters-io,2019-09-18T07:39:33Z,2019-09-20 14:07:49,0,54.471111111111114,0,1,1,1,2,98
build-your-own-x,codecrafters-io,2019-10-06T15:01:26Z,2020-10-30 19:20:29,1,9364.3175,1,0,1,1,3,0
build-your-own-x,codecrafters-io,2019-10-10T17:09:33Z,2019-10-10 20:18:55,0,3.156111111111111,1,0,1,1,2,9
build-your-own-x,codecrafters-io,2019-10-18T17:24:33Z,2019-10-19 08:16:41,0,14.86888888888889,1,0,1,1,2,0
build-your-own-x,codecrafters-io,2019-11-10T21:06:49Z,2022-11-28 09:34:36,1,26724.463055555556,1,0,1,0,2,0
build-your-own-x,codecrafters-io,2019-11-16T06:24:07Z,2021-06-09 15:30:15,0,13713.102222222222,1,0,1,0,1,0
build-your-own-x,codecrafters-io,2019-11-21T21:32:11Z,2019-11-22 04:50:05,0,7.298333333333333,1,0,1,1,2,0
build-your-own-x,codecrafters-io,2019-12-14T17:45:40Z,2019-12-15 16:48:13,0,23.0425,1,1,1,0,1,52
build-your-own-x,codecrafters-io,2020-01-06T02:12:13Z,2020-04-19 16:35:12,0,2510.3830555555555,1,0,1,1,2,0
build-your-own-x,codecrafters-io,2020-02-07T13:37:24Z,2023-07-30 08:45:16,1,30451.13111111111,1,0,1,1,2,0
build-your-own-x,codecrafters-io,2020-02-10T12:33:08Z,2020-02-10 21:04:40,0,8.525555555555556,1,1,1,1,2,122
build-your-own-x,codecrafters-io,2020-02-11T11:48:51Z,2020-02-11 16:21:40,0,4.546944444444445,1,1,1,1,2,0
build-your-own-x,codecrafters-io,2020-04-05T22:40:14Z,2020-04-06 10:08:47,0,11.475833333333334,1,1,1,1,2,0
build-your-own-x,codecrafters-io,2020-04-08T15:55:04Z,2020-04-08 21:42:04,0,5.783333333333333,0,1,1,1,1,4
build-your-own-x,codecrafters-io,2020-04-14T18:56:29Z,2020-04-19 16:34:29,0,117.63333333333334,1,0,1,2,2,103
build-your-own-x,codecrafters-io,2020-04-16T07:25:18Z,2020-04-16 09:48:43,0,2.390277777777778,1,0,1,1,2,159
build-your-own-x,codecrafters-io,2020-04-18T22:59:31Z,2020-04-19 16:33:02,0,17.558611111111112,1,0,1,1,2,100
build-your-own-x,codecrafters-io,2020-05-04T02:37:15Z,2020-05-04 08:23:37,0,5.772777777777778,1,0,1,1,2,0
build-your-own-x,codecrafters-io,2020-06-08T00:31:32Z,2020-06-08 09:59:03,0,9.45861111111111,1,0,1,1,2,11
build-your-own-x,codecrafters-io,2020-06-15T23:53:53Z,2020-06-18 16:37:30,0,64.72694444444444,2,2,1,1,2,81
build-your-own-x,codecrafters-io,2020-06-16T21:13:30Z,2020-06-18 16:33:50,0,43.33888888888889,1,0,1,2,2,36
build-your-own-x,codecrafters-io,2020-07-16T17:44:16Z,2020-07-17 07:37:21,0,13.884722222222223,1,0,1,1,2,71
build-your-own-x,codecrafters-io,2020-07-27T02:13:06Z,2024-02-12 22:30:30,1,31100.29,2,2,1,0,2,0
build-your-own-x,codecrafters-io,2020-08-02T21:17:08Z,2023-07-16 16:00:52,1,25866.72888888889,1,0,1,0,2,173
build-your-own-x,codecrafters-io,2020-10-01T12:55:06Z,2020-10-25 18:24:41,1,581.4930555555555,3,3,1,0,3,150
build-your-own-x,codecrafters-io,2020-10-03T19:26:47Z,2021-12-02 14:21:40,1,10194.914722222222,1,0,1,0,2,11
build-your-own-x,codecrafters-io,2020-10-11T11:29:49Z,2023-01-31 07:38:01,1,20204.136666666665,1,0,1,0,3,573
build-your-own-x,codecrafters-io,2020-11-11T06:34:11Z,2020-12-24 08:36:43,0,1034.0422222222223,1,1,1,1,1,691
build-your-own-x,codecrafters-io,2020-11-17T02:38:14Z,2023-01-31 07:44:39,2,19325.106944444444,1,0,1,0,3,188
build-your-own-x,codecrafters-io,2020-12-07T12:32:36Z,2020-12-07 20:47:18,0,8.245,1,1,1,1,2,126
build-your-own-x,codecrafters-io,2020-12-27T19:50:32Z,2021-09-30 11:41:37,0,6639.851388888889,1,0,1,0,1,52
build-your-own-x,codecrafters-io,2020-12-28T15:56:24Z,2021-01-05 15:45:44,0,191.82222222222222,1,0,1,1,2,0
build-your-own-x,codecrafters-io,2021-01-31T14:37:27Z,2023-08-18 12:26:59,0,22293.825555555555,1,1,1,0,1,34
build-your-own-x,codecrafters-io,2021-02-02T17:30:19Z,2023-01-31 07:42:16,0,17462.199166666665,1,0,1,1,2,66
build-your-own-x,codecrafters-io,2021-02-04T00:52:04Z,2021-06-07 17:25:23,0,2968.555277777778,19,0,2,1,1,0
build-your-own-x,codecrafters-io,2021-02-21T05:27:54Z,2023-01-31 07:40:36,0,17018.211666666666,8,0,1,4,2,74
build-your-own-x,codecrafters-io,2021-04-28T12:39:25Z,2021-04-30 20:02:09,0,55.37888888888889,1,1,1,0,2,43
build-your-own-x,codecrafters-io,2021-04-29T16:47:26Z,2021-04-30 20:00:06,0,27.211111111111112,1,0,1,1,2,571
build-your-own-x,codecrafters-io,2021-06-09T19:55:09Z,2021-08-29 08:19:22,0,1932.403611111111,33,27,1,0,1,76
build-your-own-x,codecrafters-io,2021-06-16T14:11:33Z,2021-08-29 15:42:17,1,1777.5122222222221,1,0,1,0,2,60
build-your-own-x,codecrafters-io,2021-06-28T05:43:35Z,2021-06-29 08:33:16,0,26.828055555555554,1,1,1,1,2,0
build-your-own-x,codecrafters-io,2021-08-13T22:43:14Z,2021-08-29 08:22:24,0,369.65277777777777,1,0,1,0,1,91
build-your-own-x,codecrafters-io,2021-08-13T22:48:54Z,2021-08-29 15:39:46,0,376.84777777777776,1,1,1,0,1,115
build-your-own-x,codecrafters-io,2021-10-02T14:31:53Z,2021-11-30 08:41:41,0,1410.1633333333334,1,1,1,1,3,2
build-your-own-x,codecrafters-io,2021-10-22T14:15:10Z,2021-11-30 04:19:09,0,926.0663888888889,1,0,1,0,1,11
build-your-own-x,codecrafters-io,2021-11-05T16:13:59Z,2021-11-30 08:41:01,1,592.4505555555555,0,1,1,0,3,0
build-your-own-x,codecrafters-io,2021-11-07T01:49:31Z,2022-02-22 21:10:14,0,2587.345277777778,6,0,1,3,3,0
build-your-own-x,codecrafters-io,2021-11-16T11:35:49Z,2021-12-27 07:51:51,0,980.2672222222222,4,0,1,0,1,0
build-your-own-x,codecrafters-io,2021-11-17T20:04:08Z,2022-07-18 13:41:33,1,5825.623611111111,1,0,1,1,3,68
build-your-own-x,codecrafters-io,2021-11-29T05:15:07Z,2024-04-15 19:36:46,0,20846.360833333332,1,0,1,1,1,593
build-your-own-x,codecrafters-io,2021-12-26T15:38:36Z,2023-01-20 17:48:00,0,9362.156666666666,0,1,1,8,6,21
build-your-own-x,codecrafters-io,2022-02-13T17:59:19Z,2022-02-16 14:06:28,1,68.11916666666667,1,1,1,1,3,109
build-your-own-x,codecrafters-io,2022-02-18T21:41:25Z,2022-03-02 17:40:18,0,283.9813888888889,0,1,1,2,2,119
build-your-own-x,codecrafters-io,2022-02-21T21:30:49Z,2022-02-28 16:14:53,0,162.73444444444445,1,1,1,1,2,10
build-your-own-x,codecrafters-io,2022-02-23T08:44:06Z,2023-05-15 12:52:35,0,10708.14138888889,0,0,0,0,1,94
build-your-own-x,codecrafters-io,2022-03-29T14:52:07Z,2023-04-01 17:56:14,0,8835.068611111112,1,1,1,1,1,541
build-your-own-x,codecrafters-io,2022-05-18T14:50:46Z,2022-05-23 09:59:11,0,115.14027777777778,0,1,1,0,1,23
build-your-own-x,codecrafters-io,2022-06-03T08:53:27Z,2022-06-07 19:39:19,0,106.76444444444445,1,0,1,2,3,78
build-your-own-x,codecrafters-io,2022-06-03T21:26:37Z,2023-03-28 11:44:17,0,7142.294444444445,1,0,1,0,1,54
build-your-own-x,codecrafters-io,2022-06-04T23:34:00Z,2022-06-05 13:47:07,0,14.21861111111111,1,5,1,1,2,186
build-your-own-x,codecrafters-io,2022-06-15T19:03:15Z,2022-06-16 15:54:40,0,20.856944444444444,1,1,1,3,2,61
build-your-own-x,codecrafters-io,2022-06-17T12:00:53Z,2023-07-04 13:04:41,4,9169.063333333334,1,0,1,1,5,83
build-your-own-x,codecrafters-io,2022-06-18T01:56:48Z,2022-08-04 11:23:29,0,1137.4447222222223,1,0,1,1,2,57
build-your-own-x,codecrafters-io,2022-07-07T22:57:35Z,2022-08-03 11:57:52,0,637.0047222222222,0,1,1,1,2,158
build-your-own-x,codecrafters-io,2022-07-10T20:38:42Z,2022-07-11 00:35:20,0,3.943888888888889,0,1,1,0,2,117
build-your-own-x,codecrafters-io,2022-07-15T15:52:30Z,2022-07-25 23:38:59,0,247.7747222222222,1,0,1,0,1,138
build-your-own-x,codecrafters-io,2022-07-16T11:43:47Z,2022-07-20 14:00:56,1,98.28583333333333,1,1,1,1,3,139
build-your-own-x,codecrafters-io,2022-07-18T11:34:54Z,2022-10-23 22:52:35,0,2339.2947222222224,1,1,1,0,1,113
build-your-own-x,codecrafters-io,2022-08-01T07:12:52Z,2022-09-21 03:39:21,0,1220.441388888889,1,0,1,0,1,0
build-your-own-x,codecrafters-io,2022-08-03T09:03:43Z,2022-08-03 11:56:19,0,2.8766666666666665,0,0,0,0,2,7
build-your-own-x,codecrafters-io,2022-08-15T01:52:46Z,2022-11-08 10:10:48,1,2048.3005555555555,1,0,1,0,2,82
build-your-own-x,codecrafters-io,2022-08-15T08:50:35Z,2023-08-03 08:17:52,0,8471.454722222223,1,0,1,0,1,59
build-your-own-x,codecrafters-io,2022-08-16T14:14:12Z,2024-05-25 15:36:32,1,15553.372222222222,1,0,1,1,3,70
build-your-own-x,codecrafters-io,2022-09-02T02:55:49Z,2023-03-02 06:23:48,3,4347.466388888889,1,0,1,0,4,136
build-your-own-x,codecrafters-io,2022-09-04T03:02:17Z,2022-09-04 17:41:37,0,14.655555555555555,1,0,1,1,2,44
build-your-own-x,codecrafters-io,2022-09-12T18:11:32Z,2022-09-13 08:20:10,0,14.143888888888888,0,1,1,1,2,111
build-your-own-x,codecrafters-io,2022-09-25T16:31:19Z,2023-01-01 17:49:18,0,2353.299722222222,0,1,1,3,2,105
build-your-own-x,codecrafters-io,2022-09-28T14:04:33Z,2022-09-28 21:12:29,0,7.1322222222222225,1,0,1,1,2,276
build-your-own-x,codecrafters-io,2022-10-05T17:56:03Z,2022-10-09 10:17:49,1,88.36277777777778,1,0,1,1,4,11
build-your-own-x,codecrafters-io,2022-10-31T08:28:20Z,2022-10-31 16:26:01,0,7.961388888888889,1,0,1,1,2,0
build-your-own-x,codecrafters-io,2022-11-06T23:43:39Z,2022-12-24 19:17:46,0,1147.568611111111,0,1,1,2,2,59
build-your-own-x,codecrafters-io,2022-11-10T16:57:36Z,2023-01-31 07:29:06,0,1958.525,6,1,1,1,2,0
build-your-own-x,codecrafters-io,2022-11-25T02:19:26Z,2022-11-28 04:34:51,0,74.25694444444444,1,0,1,3,2,571
build-your-own-x,codecrafters-io,2022-11-29T14:08:18Z,2022-12-02 07:17:19,0,65.15027777777777,1,0,1,2,2,623
build-your-own-x,codecrafters-io,2022-12-03T04:53:07Z,2022-12-08 09:54:49,0,125.02833333333334,1,0,1,1,2,0
build-your-own-x,codecrafters-io,2022-12-05T03:54:07Z,2022-12-05 18:15:46,0,14.360833333333334,0,1,1,1,2,38
build-your-own-x,codecrafters-io,2022-12-11T08:34:44Z,2022-12-13 17:37:51,0,57.051944444444445,2,0,1,1,2,0
build-your-own-x,codecrafters-io,2022-12-17T10:21:22Z,2022-12-19 17:56:54,0,55.59222222222222,1,0,1,3,3,0
build-your-own-x,codecrafters-io,2022-12-31T16:12:17Z,2023-01-02 09:09:58,0,40.96138888888889,1,0,1,1,2,0
build-your-own-x,codecrafters-io,2023-01-01T19:53:01Z,2023-01-02 09:12:42,0,13.328055555555556,2,0,1,1,2,112
build-your-own-x,codecrafters-io,2023-01-20T01:34:38Z,2023-01-30 06:34:25,0,244.9963888888889,1,1,1,1,2,10
build-your-own-x,codecrafters-io,2023-01-30T12:24:21Z,2023-01-31 07:30:46,0,19.106944444444444,1,0,1,0,2,61
build-your-own-x,codecrafters-io,2023-02-04T06:46:40Z,2023-02-04 14:24:56,0,7.637777777777778,1,1,1,1,2,32
build-your-own-x,codecrafters-io,2023-02-14T19:48:30Z,2023-02-16 11:17:42,2,39.486666666666665,1,0,1,1,2,48
build-your-own-x,codecrafters-io,2023-02-27T17:31:53Z,2023-02-27 19:27:51,0,1.9327777777777777,3,0,1,0,2,0
build-your-own-x,codecrafters-io,2023-03-03T17:38:45Z,2023-04-13 16:00:46,0,982.3669444444445,1,0,1,0,1,0
build-your-own-x,codecrafters-io,2023-03-07T07:05:57Z,2023-03-07 13:52:01,0,6.767777777777778,1,0,1,3,3,113
build-your-own-x,codecrafters-io,2023-03-26T10:00:21Z,2023-10-16 15:00:21,1,4901.0,1,1,1,1,3,0
build-your-own-x,codecrafters-io,2023-04-13T11:11:22Z,2023-05-28 13:56:02,0,1082.7444444444445,1,1,1,0,2,42
build-your-own-x,codecrafters-io,2023-04-13T11:24:41Z,2023-07-08 09:05:34,0,2061.6813888888887,10,0,1,0,1,0
build-your-own-x,codecrafters-io,2023-05-03T04:05:20Z,2023-09-28 06:46:58,0,3554.693888888889,1,0,1,0,1,0
build-your-own-x,codecrafters-io,2023-05-08T20:13:28Z,2023-05-09 08:52:24,0,12.648888888888889,1,0,1,0,1,0
build-your-own-x,codecrafters-io,2023-05-09T01:19:09Z,2023-05-09 09:01:41,0,7.708888888888889,1,0,1,1,2,91
build-your-own-x,codecrafters-io,2023-05-09T09:03:51Z,2023-05-10 00:26:40,3,15.380277777777778,1,0,1,0,2,109
build-your-own-x,codecrafters-io,2023-05-14T04:11:40Z,2023-05-22 06:19:08,0,194.12444444444444,0,0,0,0,2,0
build-your-own-x,codecrafters-io,2023-05-14T13:42:52Z,2024-07-01 21:47:27,0,9944.076388888889,1,0,1,0,1,72
build-your-own-x,codecrafters-io,2023-05-20T17:32:25Z,2023-06-26 04:48:49,0,875.2733333333333,1,0,1,1,2,70
build-your-own-x,codecrafters-io,2023-05-21T15:03:11Z,2023-05-22 10:50:58,0,19.796388888888888,1,1,1,0,2,0
build-your-own-x,codecrafters-io,2023-05-30T14:07:27Z,2023-08-14 20:38:36,0,1830.5191666666667,1,0,1,0,1,0
build-your-own-x,codecrafters-io,2023-06-22T06:41:16Z,2023-11-19 13:20:10,0,3606.6483333333335,3,3,1,0,1,0
build-your-own-x,codecrafters-io,2023-06-27T07:29:32Z,2023-07-09 06:28:21,0,286.98027777777776,1,0,1,0,1,109
build-your-own-x,codecrafters-io,2023-07-08T17:47:57Z,2023-07-12 02:42:30,0,80.90916666666666,1,1,1,0,2,0
build-your-own-x,codecrafters-io,2023-07-27T10:36:21Z,2023-08-18 07:08:46,0,524.5402777777778,32,27,1,1,1,0
build-your-own-x,codecrafters-io,2023-09-30T06:56:25Z,2023-10-26 20:04:50,1,637.1402777777778,1,1,1,0,3,142
build-your-own-x,codecrafters-io,2023-10-07T09:02:51Z,2023-10-09 11:25:24,0,50.37583333333333,1,0,1,1,2,189
build-your-own-x,codecrafters-io,2023-10-11T11:40:19Z,2023-10-16 17:13:38,1,125.55527777777777,1,0,1,0,2,13
build-your-own-x,codecrafters-io,2023-11-07T11:00:34Z,2023-11-07 12:12:27,0,1.1980555555555557,1,0,1,1,2,0
build-your-own-x,codecrafters-io,2023-11-09T19:50:13Z,2024-02-25 19:38:59,0,2591.8127777777777,1,1,1,1,1,0
build-your-own-x,codecrafters-io,2023-11-23T18:00:26Z,2023-11-24 11:55:09,1,17.911944444444444,1,0,1,0,3,0
build-your-own-x,codecrafters-io,2023-11-26T19:26:15Z,2024-01-04 21:29:54,0,938.0608333333333,1,1,1,0,1,146
build-your-own-x,codecrafters-io,2023-12-29T04:09:20Z,2023-12-29 16:48:25,0,12.651388888888889,1,1,1,1,2,0
build-your-own-x,codecrafters-io,2024-01-02T03:05:32Z,2024-01-03 09:37:44,0,30.536666666666665,1,1,1,1,2,32
build-your-own-x,codecrafters-io,2024-01-24T02:31:52Z,2024-01-25 13:41:45,0,35.164722222222224,1,1,1,1,2,0
build-your-own-x,codecrafters-io,2024-02-09T12:01:46Z,2024-02-09 13:57:09,0,1.9230555555555555,1,1,1,1,3,0
build-your-own-x,codecrafters-io,2024-02-18T00:28:58Z,2024-02-19 11:57:44,0,35.47944444444445,1,1,1,1,2,183
build-your-own-x,codecrafters-io,2024-02-21T04:21:04Z,2024-02-21 19:04:09,0,14.718055555555555,1,1,1,1,2,108
build-your-own-x,codecrafters-io,2024-03-13T22:47:30Z,2024-03-14 09:56:57,0,11.1575,1,1,1,1,2,1
build-your-own-x,codecrafters-io,2024-03-17T07:20:20Z,2024-07-17 13:30:56,0,2934.1766666666667,1,1,1,2,2,393
build-your-own-x,codecrafters-io,2024-03-22T18:07:14Z,2024-03-25 11:24:10,0,65.28222222222222,2,2,1,1,2,0
build-your-own-x,codecrafters-io,2024-04-12T03:57:56Z,2024-04-14 10:53:53,2,54.9325,2,0,1,0,2,91
build-your-own-x,codecrafters-io,2024-05-31T01:46:49Z,2024-06-02 16:58:08,0,63.18861111111111,1,0,1,0,1,0
build-your-own-x,codecrafters-io,2024-06-05T21:00:45Z,2024-06-12 21:49:32,3,168.81305555555556,1,1,1,2,6,12
build-your-own-x,codecrafters-io,2024-06-26T13:05:51Z,2024-08-16 11:56:09,0,1222.8383333333334,2,0,1,0,1,264
build-your-own-x,codecrafters-io,2024-06-27T19:39:35Z,2024-07-24 22:21:34,0,650.6997222222222,385,385,1,0,1,0
build-your-own-x,codecrafters-io,2024-06-29T08:23:12Z,2024-09-13 13:41:27,1,1829.3041666666666,1,0,1,1,2,140
build-your-own-x,codecrafters-io,2024-07-13T18:06:33Z,2024-07-15 11:09:09,3,41.04333333333334,1,1,1,5,3,0
build-your-own-x,codecrafters-io,2024-07-26T08:39:01Z,2024-07-26 12:47:34,0,4.1425,1,0,1,0,2,0
build-your-own-x,codecrafters-io,2024-07-28T07:04:16Z,2024-08-10 13:11:30,0,318.12055555555554,1,0,1,0,1,0
build-your-own-x,codecrafters-io,2024-08-03T14:41:51Z,2024-08-06 00:02:51,1,57.35,0,1,1,1,3,163
build-your-own-x,codecrafters-io,2024-08-13T21:14:15Z,2024-09-03 14:39:35,0,497.4222222222222,2,0,1,1,2,0
build-your-own-x,codecrafters-io,2024-08-15T11:50:09Z,2024-09-02 12:26:46,0,432.61027777777775,1,0,1,2,2,0
system-design-primer,donnemartin,2017-03-09T10:22:26Z,2017-03-10 00:40:13,0,14.296388888888888,2,0,1,4,3,0
system-design-primer,donnemartin,2017-03-09T10:50:34Z,2017-03-10 00:36:12,1,13.760555555555555,2,2,1,1,2,78
system-design-primer,donnemartin,2017-03-09T14:21:29Z,2017-03-10 00:37:40,1,10.269722222222223,1,1,1,1,2,0
system-design-primer,donnemartin,2017-03-10T04:30:56Z,2017-03-11 02:07:51,1,21.615277777777777,1,1,1,1,2,3
system-design-primer,donnemartin,2017-03-10T07:53:56Z,2017-03-11 02:06:35,1,18.210833333333333,8,8,1,1,3,0
system-design-primer,donnemartin,2017-03-11T19:34:19Z,2017-03-12 22:17:14,0,26.71527777777778,1,0,1,3,2,0
system-design-primer,donnemartin,2017-03-16T22:49:05Z,2017-03-19 19:23:03,1,68.56611111111111,35,35,8,2,2,224
system-design-primer,donnemartin,2017-03-18T04:17:42Z,2017-03-18 15:37:17,1,11.32638888888889,3,3,3,1,2,0
system-design-primer,donnemartin,2017-03-18T16:45:40Z,2017-03-19 19:24:13,1,26.6425,1,1,1,1,2,35
system-design-primer,donnemartin,2017-03-19T22:54:10Z,2017-03-21 11:39:11,1,36.750277777777775,1,0,1,1,2,212
system-design-primer,donnemartin,2017-03-22T16:44:21Z,2017-03-23 02:53:16,2,10.14861111111111,1,1,1,1,3,0
system-design-primer,donnemartin,2017-03-23T22:30:10Z,2017-03-24 02:42:03,1,4.198055555555555,2,2,1,1,2,0
system-design-primer,donnemartin,2017-03-24T11:32:50Z,2017-03-26 17:02:10,2,53.48888888888889,4,1,1,4,3,81
system-design-primer,donnemartin,2017-03-25T22:50:04Z,2017-03-29 10:19:15,1,83.48638888888888,2,0,1,2,2,134
system-design-primer,donnemartin,2017-03-26T16:58:09Z,2017-03-28 11:45:13,3,42.784444444444446,1,1,1,1,5,0
system-design-primer,donnemartin,2017-04-04T08:27:14Z,2017-04-04 09:56:39,1,1.4902777777777778,1,1,1,1,2,287
system-design-primer,donnemartin,2017-04-12T18:48:46Z,2017-04-14 01:04:39,0,30.264722222222222,1,1,1,1,2,0
system-design-primer,donnemartin,2017-04-14T03:09:31Z,2017-04-15 07:59:20,0,28.830277777777777,1797,0,1,3,7,200
system-design-primer,donnemartin,2017-04-15T07:44:20Z,2017-04-15 13:32:32,1,5.803333333333334,1797,0,1,4,2,122
system-design-primer,donnemartin,2017-04-16T03:17:12Z,2017-04-16 21:49:16,1,18.534444444444443,0,0,1,2,2,84
system-design-primer,donnemartin,2017-04-22T00:06:53Z,2017-05-16 04:10:52,2,580.0663888888889,1,1,1,1,3,0
system-design-primer,donnemartin,2017-04-22T00:18:56Z,2018-04-09 00:32:18,0,8448.222777777777,2,2,1,4,3,58
system-design-primer,donnemartin,2017-05-02T19:28:31Z,2017-05-16 04:17:24,1,320.8147222222222,1,1,1,1,2,50
system-design-primer,donnemartin,2017-05-09T13:31:23Z,2017-05-27 00:32:45,1,419.0227777777778,1,1,1,1,2,0
system-design-primer,donnemartin,2017-05-18T08:42:10Z,2017-05-27 00:34:53,1,207.8786111111111,10,0,2,0,2,27
system-design-primer,donnemartin,2017-05-25T01:47:16Z,2017-05-27 00:31:32,1,46.73777777777778,1,1,1,1,2,0
system-design-primer,donnemartin,2017-05-29T13:21:20Z,2017-06-06 00:25:04,0,179.06222222222223,2,1,1,1,2,90
system-design-primer,donnemartin,2017-05-29T16:47:48Z,2017-05-30 00:55:33,1,8.129166666666666,1,1,1,1,2,29
system-design-primer,donnemartin,2017-06-06T15:19:52Z,2017-06-14 00:43:11,1,177.38861111111112,1,1,1,1,2,204
system-design-primer,donnemartin,2017-07-08T23:43:21Z,2017-07-23 16:07:36,0,352.40416666666664,1,1,1,0,1,0
system-design-primer,donnemartin,2017-07-10T07:25:48Z,2017-07-18 02:13:02,1,186.78722222222223,2,0,2,3,2,237
system-design-primer,donnemartin,2017-07-11T03:27:24Z,2018-10-28 21:25:17,2,11393.964722222223,11,0,1,12,4,299
system-design-primer,donnemartin,2017-07-14T12:14:23Z,2017-07-18 02:14:46,0,86.00638888888889,0,0,0,0,2,5
system-design-primer,donnemartin,2017-07-17T14:04:37Z,2017-07-18 02:08:37,1,12.066666666666666,1,1,1,1,2,0
system-design-primer,donnemartin,2017-08-15T07:19:19Z,2018-03-07 00:37:47,3,4889.307777777778,78,39,7,8,2,226
system-design-primer,donnemartin,2017-08-22T23:38:04Z,2017-08-30 00:13:03,0,168.58305555555555,0,0,1,0,1,0
system-design-primer,donnemartin,2017-09-23T13:59:44Z,2017-09-24 11:43:55,0,21.73638888888889,1,1,1,0,1,0
system-design-primer,donnemartin,2017-09-29T06:10:36Z,2017-10-09 00:52:45,1,234.7025,1,0,1,2,2,0
system-design-primer,donnemartin,2017-10-02T02:42:48Z,2017-10-07 16:06:38,1,133.3972222222222,1,1,1,1,2,91
system-design-primer,donnemartin,2017-10-07T16:03:13Z,2017-10-14 00:26:47,0,152.39277777777778,1,1,1,0,1,0
system-design-primer,donnemartin,2017-10-21T19:56:43Z,2017-10-25 01:06:00,1,77.15472222222222,2,2,1,1,2,0
system-design-primer,donnemartin,2017-10-27T04:40:49Z,2017-12-02 01:15:57,6,860.5855555555555,1787,0,1,9,5,40
system-design-primer,donnemartin,2017-10-31T23:48:22Z,2017-11-03 00:03:29,0,48.25194444444445,2,2,1,0,1,0
system-design-primer,donnemartin,2017-11-20T01:11:18Z,2017-11-30 01:12:16,1,240.01611111111112,1,1,1,1,2,255
system-design-primer,donnemartin,2017-12-02T14:33:28Z,2017-12-03 12:09:42,0,21.60388888888889,1,1,1,0,1,0
system-design-primer,donnemartin,2017-12-06T15:03:13Z,2017-12-08 01:18:26,1,34.25361111111111,1,1,1,4,3,692
system-design-primer,donnemartin,2017-12-30T22:44:39Z,2018-01-06 00:25:20,0,145.67805555555555,8,10,1,0,1,0
system-design-primer,donnemartin,2018-01-02T12:01:03Z,2018-01-21 16:51:13,1,460.8361111111111,4,3,1,2,2,0
system-design-primer,donnemartin,2018-01-06T12:59:55Z,2018-01-21 16:55:00,2,363.91805555555555,1,0,1,1,3,0
system-design-primer,donnemartin,2018-01-06T13:04:37Z,2018-02-02 23:08:50,1,658.0702777777777,1,1,1,1,2,0
system-design-primer,donnemartin,2018-01-06T13:07:40Z,2019-04-10 00:47:00,3,11003.655555555555,1,1,1,3,2,0
system-design-primer,donnemartin,2018-01-06T13:10:29Z,2018-02-16 01:37:46,1,972.4547222222222,1,1,1,1,2,0
system-design-primer,donnemartin,2018-01-23T04:07:19Z,2018-01-24 05:27:00,0,25.328055555555554,1,1,1,0,1,0
system-design-primer,donnemartin,2018-01-26T20:51:15Z,2018-02-08 00:57:01,1,292.0961111111111,4,4,4,1,2,82
system-design-primer,donnemartin,2018-02-12T01:29:05Z,2018-02-16 04:03:18,0,98.57027777777778,1,1,1,4,2,0
system-design-primer,donnemartin,2018-02-14T04:51:04Z,2018-02-28 02:41:24,8,333.8388888888889,1787,1,2,23,4,203
system-design-primer,donnemartin,2018-02-19T23:34:53Z,2018-02-23 03:49:18,0,76.24027777777778,1,0,1,0,1,0
system-design-primer,donnemartin,2018-02-25T12:51:34Z,2018-02-27 02:28:05,1,37.60861111111111,18,18,3,1,2,158
system-design-primer,donnemartin,2018-03-02T16:19:29Z,2018-03-04 19:14:45,1,50.92111111111111,16,16,1,1,2,119
system-design-primer,donnemartin,2018-03-04T19:06:46Z,2018-03-06 01:29:08,0,30.372777777777777,1,1,1,0,1,0
system-design-primer,donnemartin,2018-03-05T08:53:33Z,2018-03-08 01:37:46,1,64.73694444444445,7,7,1,2,3,0
system-design-primer,donnemartin,2018-03-07T00:46:13Z,2018-03-08 01:38:50,0,24.876944444444444,1,1,1,0,1,0
system-design-primer,donnemartin,2018-03-07T05:13:37Z,2018-03-18 13:19:08,0,272.09194444444444,2,2,2,1,2,72
system-design-primer,donnemartin,2018-03-07T05:32:45Z,2018-03-18 13:21:53,1,271.81888888888886,3,3,1,1,2,18
system-design-primer,donnemartin,2018-03-10T02:37:12Z,2018-04-09 00:25:12,2,717.8,2,2,1,4,2,63
system-design-primer,donnemartin,2018-03-10T07:14:36Z,2018-03-24 23:38:34,1,352.39944444444444,2,0,1,0,2,84
system-design-primer,donnemartin,2018-03-14T12:11:36Z,2018-04-26 01:19:05,1,1021.1247222222222,5,5,3,2,2,297
system-design-primer,donnemartin,2018-04-02T22:52:26Z,2018-04-26 01:22:06,2,554.4944444444444,2,2,1,1,2,53
system-design-primer,donnemartin,2018-04-02T22:53:43Z,2018-04-26 01:22:26,2,554.4786111111111,2,2,1,1,2,39
system-design-primer,donnemartin,2018-04-03T03:54:13Z,2020-07-04 14:40:44,2,19762.77527777778,2,2,1,1,3,0
system-design-primer,donnemartin,2018-04-03T07:56:28Z,2018-04-11 00:28:16,2,184.53,1,1,1,4,3,79
system-design-primer,donnemartin,2018-04-16T08:53:40Z,2018-05-07 01:26:02,1,496.5394444444444,6,2,2,2,2,578
system-design-primer,donnemartin,2018-04-26T06:44:04Z,2018-05-07 01:25:32,1,258.6911111111111,1,1,1,1,2,120
system-design-primer,donnemartin,2018-04-26T07:04:46Z,2018-05-23 03:15:43,1,644.1825,1,1,1,1,2,185
system-design-primer,donnemartin,2018-05-28T06:04:38Z,2018-06-16 05:30:42,2,455.43444444444447,1,1,1,1,4,22
system-design-primer,donnemartin,2018-05-30T09:56:09Z,2018-07-15 05:58:34,0,1100.0402777777779,3,0,1,3,2,99
system-design-primer,donnemartin,2018-06-22T15:10:58Z,2018-06-29 03:18:12,1,156.12055555555557,2,2,1,1,2,66
system-design-primer,donnemartin,2018-07-09T15:10:58Z,2018-07-13 11:32:15,1,92.35472222222222,1,1,1,1,2,24
system-design-primer,donnemartin,2018-07-13T11:58:50Z,2018-07-15 00:01:58,1,36.05222222222222,6,0,1,1,2,36
system-design-primer,donnemartin,2018-07-14T03:56:05Z,2020-07-18 01:15:48,2,17637.328611111112,152,152,40,4,3,0
system-design-primer,donnemartin,2018-07-14T09:33:31Z,2018-07-15 00:05:15,1,14.528888888888888,1,1,1,2,3,217
system-design-primer,donnemartin,2018-07-15T05:56:01Z,2018-07-19 06:09:10,1,96.21916666666667,3,1,3,1,2,759
system-design-primer,donnemartin,2018-07-15T15:44:49Z,2018-07-19 06:06:29,0,86.36111111111111,1,0,1,1,2,46
system-design-primer,donnemartin,2018-07-16T08:08:25Z,2018-07-20 04:46:36,1,92.63638888888889,4,4,1,5,5,0
system-design-primer,donnemartin,2018-07-17T04:29:57Z,2018-07-18 04:58:14,0,24.47138888888889,1,1,1,0,1,0
system-design-primer,donnemartin,2018-07-19T07:57:12Z,2018-07-25 01:55:55,2,137.97861111111112,15,15,4,1,3,0
system-design-primer,donnemartin,2018-07-21T11:33:22Z,2018-07-23 06:13:03,1,42.66138888888889,1,1,1,1,2,0
system-design-primer,donnemartin,2018-07-22T06:33:12Z,2018-07-23 06:12:15,1,23.650833333333335,8,6,5,0,3,0
system-design-primer,donnemartin,2018-07-26T02:30:00Z,2018-07-27 02:04:01,1,23.566944444444445,2,2,1,0,2,18
system-design-primer,donnemartin,2018-07-29T02:31:22Z,2018-07-30 02:05:41,0,23.571944444444444,1,1,1,0,1,0
system-design-primer,donnemartin,2018-08-01T03:52:54Z,2018-08-01 22:18:42,0,18.43,1,1,1,0,1,0
system-design-primer,donnemartin,2018-08-02T06:28:08Z,2018-08-07 01:29:18,0,115.01944444444445,5,5,1,1,2,103
system-design-primer,donnemartin,2018-08-02T20:57:13Z,2018-08-05 13:56:50,0,64.99361111111111,1,0,1,1,2,0
system-design-primer,donnemartin,2018-08-04T18:15:33Z,2018-08-05 13:52:04,1,19.60861111111111,1,1,1,1,2,52
system-design-primer,donnemartin,2018-08-06T15:59:12Z,2018-08-07 01:25:00,1,9.43,1,1,1,1,2,24
system-design-primer,donnemartin,2018-08-08T07:04:11Z,2018-08-09 12:01:27,1,28.954444444444444,2,2,1,1,3,28
system-design-primer,donnemartin,2018-08-12T06:36:14Z,2018-08-13 00:49:31,1,18.22138888888889,5,5,5,1,2,13
system-design-primer,donnemartin,2018-08-12T06:56:43Z,2018-08-14 02:32:16,1,43.5925,1,1,1,1,2,0
system-design-primer,donnemartin,2018-08-18T13:17:20Z,2018-08-20 04:38:44,1,39.35666666666667,1,1,1,1,2,98
system-design-primer,donnemartin,2018-08-23T00:52:29Z,2018-08-29 00:56:39,1,144.06944444444446,10,11,1,1,2,250
system-design-primer,donnemartin,2018-08-23T17:00:30Z,2018-08-24 06:24:59,1,13.408055555555556,1,1,1,1,2,50
system-design-primer,donnemartin,2018-08-31T19:14:04Z,2018-09-02 18:10:43,1,46.94416666666667,3,3,1,1,2,168
system-design-primer,donnemartin,2018-09-02T19:00:51Z,2019-05-12 10:21:15,1,6039.34,164,120,7,6,3,299
system-design-primer,donnemartin,2018-09-04T12:50:56Z,2018-09-14 21:10:40,3,248.32888888888888,1,1,1,2,4,0
system-design-primer,donnemartin,2018-09-06T08:18:18Z,2018-09-16 07:48:51,3,239.50916666666666,4,4,1,2,4,27
system-design-primer,donnemartin,2018-09-06T19:07:21Z,2018-09-08 00:47:44,3,29.673055555555557,1,1,1,1,4,0
system-design-primer,donnemartin,2018-09-14T11:04:42Z,2018-09-15 07:29:04,3,20.406111111111112,1,1,1,2,4,0
system-design-primer,donnemartin,2018-09-15T18:52:40Z,2018-09-19 00:10:27,4,77.29638888888888,2,2,1,2,3,551
system-design-primer,donnemartin,2018-09-20T00:12:19Z,2018-09-24 00:12:12,1,95.99805555555555,1,1,1,0,2,0
system-design-primer,donnemartin,2018-09-22T06:21:25Z,2022-04-15 11:11:49,6,31228.84,33,33,11,5,6,1693
system-design-primer,donnemartin,2018-09-22T08:15:36Z,2018-10-01 00:38:29,1,208.3813888888889,4,4,2,1,2,10
system-design-primer,donnemartin,2018-10-08T16:08:15Z,2018-10-11 01:13:43,2,57.09111111111111,4,4,4,1,3,0
system-design-primer,donnemartin,2018-10-15T15:34:37Z,2018-10-26 00:20:27,1,248.76388888888889,7,7,1,4,3,169
system-design-primer,donnemartin,2018-10-18T20:27:58Z,2018-10-31 22:34:52,2,314.115,20,20,1,4,4,199
system-design-primer,donnemartin,2018-11-01T11:43:13Z,2018-11-14 01:23:22,1,301.6691666666667,1,1,1,2,2,49
system-design-primer,donnemartin,2018-11-14T17:26:54Z,2018-12-15 04:10:09,1,730.7208333333333,7,1,1,1,2,78
system-design-primer,donnemartin,2018-11-15T09:09:34Z,2018-12-15 04:01:11,0,714.8602777777778,1,1,1,1,2,23
system-design-primer,donnemartin,2018-11-15T09:10:25Z,2018-12-15 04:01:20,0,714.8486111111112,1,1,1,1,2,24
system-design-primer,donnemartin,2018-11-15T09:10:35Z,2018-12-19 02:17:01,4,809.1072222222223,4,4,4,4,3,23
system-design-primer,donnemartin,2018-11-25T02:49:01Z,2019-05-12 11:19:23,7,4040.5061111111113,47,0,1,7,5,136
system-design-primer,donnemartin,2018-11-26T06:10:39Z,2019-04-10 00:44:49,2,3234.5694444444443,1,1,1,1,3,107
system-design-primer,donnemartin,2018-12-15T04:26:39Z,2018-12-28 00:39:12,0,308.20916666666665,1,1,1,0,1,0
system-design-primer,donnemartin,2018-12-30T05:21:15Z,2019-01-05 17:20:17,1,155.98388888888888,1,1,1,1,2,0
system-design-primer,donnemartin,2019-01-15T02:37:22Z,2019-01-20 19:59:43,2,137.3725,1,1,1,1,3,0
system-design-primer,donnemartin,2019-01-24T18:20:06Z,2019-02-03 12:35:25,1,234.2552777777778,1,1,1,1,2,53
system-design-primer,donnemartin,2019-02-10T01:21:37Z,2019-02-11 10:48:37,2,33.45,1,1,1,1,3,0
system-design-primer,donnemartin,2019-02-10T16:30:39Z,2019-05-11 16:42:59,1,2160.2055555555557,1,1,1,4,2,152
system-design-primer,donnemartin,2019-02-18T06:24:08Z,2019-04-10 00:42:51,0,1218.3119444444444,1,1,1,1,2,54
system-design-primer,donnemartin,2019-02-20T21:12:04Z,2019-02-28 11:55:51,1,182.72972222222222,2,2,1,1,2,36
system-design-primer,donnemartin,2019-02-28T14:38:27Z,2019-03-04 03:28:44,1,84.83805555555556,1,1,1,1,2,90
system-design-primer,donnemartin,2019-03-02T22:43:37Z,2019-03-18 00:55:20,1,362.1952777777778,1,1,1,1,2,134
system-design-primer,donnemartin,2019-04-05T02:57:23Z,2024-01-29 03:43:43,1,42240.77222222222,1,1,1,0,3,64
system-design-primer,donnemartin,2019-04-09T00:58:52Z,2019-04-10 00:42:28,0,23.726666666666667,1,0,1,1,2,0
system-design-primer,donnemartin,2019-04-13T12:45:54Z,2019-05-07 10:24:42,1,573.6466666666666,30,30,10,1,2,173
system-design-primer,donnemartin,2019-04-17T14:38:34Z,2020-07-04 15:16:31,0,10656.6325,0,5,1,1,2,0
system-design-primer,donnemartin,2019-04-26T05:31:50Z,2019-06-16 15:21:22,8,1233.8255555555556,331,1,2,6,3,21
system-design-primer,donnemartin,2019-05-02T17:02:24Z,2019-05-07 10:22:13,1,113.33027777777778,1,1,1,1,2,0
system-design-primer,donnemartin,2019-05-12T11:50:00Z,2019-05-14 01:56:37,0,38.110277777777775,4,2,3,0,1,0
system-design-primer,donnemartin,2019-05-18T02:47:55Z,2019-05-30 00:11:56,0,285.4002777777778,0,0,0,0,1,0
system-design-primer,donnemartin,2019-05-30T00:13:45Z,2019-05-31 00:25:27,0,24.195,4,4,4,0,1,0
system-design-primer,donnemartin,2019-06-19T10:19:06Z,2019-07-06 15:07:14,1,412.8022222222222,1,1,1,3,3,711
system-design-primer,donnemartin,2019-06-26T10:00:31Z,2020-07-04 15:19:22,0,8981.314166666667,1,1,1,2,3,118
system-design-primer,donnemartin,2019-06-29T18:29:29Z,2020-07-11 01:01:13,4,9054.528888888888,3,3,1,2,5,212
system-design-primer,donnemartin,2019-07-05T18:04:55Z,2019-08-03 14:06:58,2,692.0341666666667,2,2,1,2,3,190
system-design-primer,donnemartin,2019-07-08T15:46:23Z,2019-08-03 14:07:35,2,622.3533333333334,1,1,1,1,3,104
system-design-primer,donnemartin,2019-07-08T15:57:57Z,2019-08-03 14:07:59,2,622.1672222222222,1,1,1,3,4,156
system-design-primer,donnemartin,2019-07-10T15:13:37Z,2019-08-03 14:08:19,2,574.9116666666666,1,1,1,1,3,101
system-design-primer,donnemartin,2019-07-10T15:27:54Z,2019-08-05 00:30:54,2,609.05,1,1,1,1,3,633
system-design-primer,donnemartin,2019-07-18T15:53:00Z,2019-12-09 03:35:45,3,3443.7125,11,11,1,3,3,56
system-design-primer,donnemartin,2019-07-23T16:09:07Z,2019-08-13 23:50:10,2,511.68416666666667,1,1,1,2,3,120
system-design-primer,donnemartin,2019-07-23T16:10:20Z,2019-08-13 23:50:53,2,511.67583333333334,1,1,1,2,3,211
system-design-primer,donnemartin,2019-07-23T16:11:36Z,2019-08-13 23:51:20,2,511.6622222222222,1,1,1,2,3,259
system-design-primer,donnemartin,2019-07-28T18:11:56Z,2020-07-10 00:49:44,3,8334.63,1,1,1,1,4,131
system-design-primer,donnemartin,2019-08-16T19:52:03Z,2020-07-14 01:22:54,0,7973.514166666667,4,1,1,1,2,47
system-design-primer,donnemartin,2019-08-31T20:03:32Z,2020-07-01 00:56:56,1,7300.89,1,1,1,1,2,0
system-design-primer,donnemartin,2019-09-01T01:03:33Z,2019-12-09 03:34:17,2,2378.512222222222,1,1,1,1,3,66
system-design-primer,donnemartin,2019-09-09T05:59:32Z,2020-07-10 00:48:47,1,7314.820833333333,2,2,1,1,2,107
system-design-primer,donnemartin,2019-09-10T03:41:03Z,2019-11-26 04:40:09,0,1848.985,1,1,1,1,2,115
system-design-primer,donnemartin,2019-09-10T11:50:46Z,2020-07-09 00:10:17,5,7260.325277777778,2,3,1,2,4,0
system-design-primer,donnemartin,2019-10-11T03:46:56Z,2019-11-03 10:56:25,0,559.1580555555555,1,0,1,1,2,138
system-design-primer,donnemartin,2019-10-25T09:26:41Z,2019-11-03 10:50:01,1,217.38888888888889,4,4,1,0,2,0
system-design-primer,donnemartin,2019-10-30T09:12:43Z,2019-11-03 10:47:08,1,97.5736111111111,0,0,0,0,2,4
system-design-primer,donnemartin,2019-11-16T03:54:40Z,2020-07-09 00:08:56,2,5660.237777777777,2,2,1,1,3,100
system-design-primer,donnemartin,2019-12-06T01:52:23Z,2020-07-05 14:57:58,2,5101.093055555555,4,4,4,1,3,174
system-design-primer,donnemartin,2019-12-26T08:06:00Z,2019-12-27 01:11:58,1,17.099444444444444,1,1,1,1,2,266
system-design-primer,donnemartin,2020-01-07T19:53:37Z,2020-02-17 02:00:45,1,966.1188888888889,1,1,1,1,2,0
system-design-primer,donnemartin,2020-01-08T15:17:00Z,2020-07-04 01:22:03,2,4258.0841666666665,1,1,1,1,3,152
system-design-primer,donnemartin,2020-01-13T02:08:43Z,2020-01-15 15:04:08,1,60.923611111111114,2,2,1,1,2,144
system-design-primer,donnemartin,2020-01-19T03:32:17Z,2020-01-21 00:26:10,1,44.89805555555556,1,1,1,1,1,41
system-design-primer,donnemartin,2020-01-26T22:41:53Z,2020-07-05 15:00:39,0,3856.3127777777777,1,1,1,1,2,197
system-design-primer,donnemartin,2020-02-27T17:08:58Z,2020-03-10 01:34:19,1,272.4225,1458,1466,9,4,8,0
system-design-primer,donnemartin,2020-03-10T07:22:13Z,2020-03-30 00:40:51,1,473.31055555555554,2525,10,9,2,8,13
system-design-primer,donnemartin,2020-03-21T19:21:35Z,2020-07-12 16:02:45,1,2708.686111111111,0,0,1,0,1,0
system-design-primer,donnemartin,2020-04-01T23:22:33Z,2020-07-08 00:57:49,0,2329.587777777778,1,1,1,1,2,22
system-design-primer,donnemartin,2020-04-03T03:24:29Z,2021-04-16 02:52:46,1,9071.47138888889,1,1,1,4,4,19
system-design-primer,donnemartin,2020-04-06T00:59:48Z,2020-07-08 00:56:06,1,2231.9383333333335,1,1,1,1,2,0
system-design-primer,donnemartin,2020-04-08T11:02:07Z,2020-07-01 00:42:25,2,2005.6716666666666,2,2,1,1,3,39
system-design-primer,donnemartin,2020-04-12T16:16:30Z,2020-07-01 00:37:50,2,1904.3555555555556,1,1,1,1,3,0
system-design-primer,donnemartin,2020-04-13T16:58:08Z,2020-07-08 00:54:02,1,2047.9316666666666,1,0,1,3,4,66
system-design-primer,donnemartin,2020-04-20T19:16:06Z,2020-07-07 01:05:51,1,1853.8291666666667,1,1,1,1,2,150
system-design-primer,donnemartin,2020-04-25T07:19:24Z,2020-07-04 01:24:24,2,1674.0833333333333,15,1,1,3,3,44
system-design-primer,donnemartin,2020-04-28T22:03:48Z,2020-07-10 10:58:46,4,1740.9161111111111,4,0,1,1,9,94
system-design-primer,donnemartin,2020-05-05T19:45:39Z,2020-07-07 01:00:34,1,1493.2486111111111,8,8,1,1,2,0
system-design-primer,donnemartin,2020-05-09T11:13:02Z,2020-05-26 01:59:02,1,398.76666666666665,4,4,1,1,2,148
system-design-primer,donnemartin,2020-05-17T19:02:16Z,2020-07-04 14:55:43,1,1147.8908333333334,1,0,1,1,2,85
system-design-primer,donnemartin,2020-05-24T04:41:10Z,2020-07-04 14:53:57,1,994.2130555555556,1,1,1,1,2,164
system-design-primer,donnemartin,2020-06-15T18:58:54Z,2020-07-10 01:18:58,10,582.3344444444444,1,1,1,4,3,222
system-design-primer,donnemartin,2020-06-20T15:33:37Z,2020-07-05 14:58:57,1,359.4222222222222,4,4,4,2,3,63
system-design-primer,donnemartin,2020-06-30T19:55:56Z,2020-07-05 14:53:29,2,114.95916666666666,1,0,1,3,2,0
system-design-primer,donnemartin,2020-07-04T16:29:59Z,2020-07-05 14:48:23,1,22.30666666666667,3,3,2,1,2,72
system-design-primer,donnemartin,2020-07-05T02:59:05Z,2020-07-05 14:50:31,1,11.857222222222223,1,1,1,1,3,28
system-design-primer,donnemartin,2020-07-05T04:50:14Z,2020-11-28 05:01:03,0,3504.180277777778,2,1,1,0,2,253
system-design-primer,donnemartin,2020-07-07T03:53:13Z,2020-07-12 16:00:04,1,132.11416666666668,1,0,1,1,2,10
system-design-primer,donnemartin,2020-07-10T10:57:22Z,2021-04-02 23:18:42,0,6396.355555555556,4,0,1,1,9,291
system-design-primer,donnemartin,2020-07-16T16:22:54Z,2020-08-02 18:10:23,2,409.7913888888889,0,0,1,3,2,291
system-design-primer,donnemartin,2020-07-26T13:07:35Z,2020-08-02 18:13:18,1,173.09527777777777,1,1,1,2,3,36
system-design-primer,donnemartin,2020-08-12T23:35:23Z,2020-08-27 22:29:47,0,358.9066666666667,0,0,0,1,3,354
system-design-primer,donnemartin,2020-09-07T16:01:08Z,2022-04-12 08:23:02,0,13960.365,145,145,1,0,2,265
system-design-primer,donnemartin,2020-10-09T19:01:55Z,2020-10-30 01:14:46,1,486.21416666666664,2,2,1,1,2,271
system-design-primer,donnemartin,2020-10-13T22:19:46Z,2021-08-15 23:45:45,0,7345.433055555555,1,1,1,0,2,118
system-design-primer,donnemartin,2020-11-02T07:44:50Z,2024-06-27 01:45:40,1,31986.01388888889,0,0,0,0,2,303
system-design-primer,donnemartin,2020-11-10T11:46:39Z,2020-12-29 02:51:33,1,1167.0816666666667,1,1,1,1,2,28
system-design-primer,donnemartin,2020-11-11T18:09:30Z,2021-02-01 08:11:47,0,1958.0380555555555,1836,0,1,1,2,44
system-design-primer,donnemartin,2021-01-24T09:27:38Z,2021-02-16 02:10:04,1,544.7072222222222,4,4,4,0,2,429
system-design-primer,donnemartin,2021-01-31T21:37:09Z,2021-10-16 19:06:51,0,6189.495,322,0,1,3,5,291
system-design-primer,donnemartin,2021-02-02T17:44:53Z,2021-02-16 02:14:06,1,320.4869444444444,1,1,1,1,2,112
system-design-primer,donnemartin,2021-02-23T03:06:20Z,2021-05-09 18:20:50,2,1815.2416666666666,1,1,1,1,3,143
system-design-primer,donnemartin,2021-05-19T07:24:55Z,2023-05-01 05:51:50,0,17086.44861111111,2,0,1,0,2,65
system-design-primer,donnemartin,2021-08-14T01:41:21Z,2023-12-02 06:26:01,2,20164.744444444445,18,0,1,2,4,428
system-design-primer,donnemartin,2021-09-09T19:54:43Z,2021-09-10 05:28:47,0,9.567777777777778,0,1,1,2,2,408
system-design-primer,donnemartin,2021-09-24T02:29:55Z,2024-01-09 11:02:53,2,20096.549444444445,1853,0,1,0,4,291
system-design-primer,donnemartin,2021-10-03T13:49:54Z,2024-06-05 22:04:20,0,23432.240555555556,1,1,1,0,2,307
system-design-primer,donnemartin,2021-10-05T05:27:44Z,2022-08-07 05:53:50,0,7344.435,2,1,1,1,2,291
system-design-primer,donnemartin,2021-10-10T14:07:05Z,2021-11-17 12:26:09,1,910.3177777777778,4,4,4,1,2,365
system-design-primer,donnemartin,2021-11-03T14:01:48Z,2022-01-29 14:17:53,0,2088.2680555555557,2,0,1,0,1,126
system-design-primer,donnemartin,2021-12-23T13:24:04Z,2022-02-13 02:52:00,1,1237.4655555555555,4,4,4,1,2,61
system-design-primer,donnemartin,2021-12-29T09:09:08Z,2024-09-15 06:59:02,0,23781.831666666665,758,741,1,0,2,291
system-design-primer,donnemartin,2021-12-30T22:40:30Z,2023-02-20 23:12:22,4,10008.531111111111,0,0,54,5,7,195
system-design-primer,donnemartin,2022-02-09T17:27:22Z,2022-05-13 16:20:22,0,2230.883333333333,3,0,1,1,2,1583
system-design-primer,donnemartin,2022-03-23T20:48:50Z,2022-04-20 00:37:02,1,651.8033333333333,1,1,1,1,3,291
system-design-primer,donnemartin,2022-04-17T16:01:57Z,2022-04-23 13:14:45,1,141.21333333333334,3,3,3,3,3,0
system-design-primer,donnemartin,2022-04-25T08:33:58Z,2024-03-01 19:33:48,0,16234.997222222222,5,5,3,2,2,97
system-design-primer,donnemartin,2022-06-07T04:13:32Z,2022-06-07 06:21:22,0,2.1305555555555555,8,8,8,0,1,357
system-design-primer,donnemartin,2022-07-30T21:03:42Z,2022-07-31 16:44:43,1,19.683611111111112,1,1,1,1,2,10
system-design-primer,donnemartin,2022-09-03T21:37:57Z,2023-09-13 18:49:14,1,8997.188055555556,1,0,1,0,3,164
system-design-primer,donnemartin,2022-09-22T10:53:17Z,2022-09-25 09:57:23,0,71.06833333333333,1,0,1,1,1,291
system-design-primer,donnemartin,2022-09-26T13:35:57Z,2024-06-28 00:12:45,1,15370.613333333333,1,1,1,1,3,291
system-design-primer,donnemartin,2022-09-29T12:49:58Z,2024-06-26 00:20:49,1,15251.514166666666,2,0,1,0,2,291
system-design-primer,donnemartin,2022-11-06T18:02:12Z,2022-11-13 21:04:18,1,171.035,1,1,1,1,2,291
system-design-primer,donnemartin,2022-11-20T11:29:30Z,2022-12-11 20:06:51,2,512.6225,1,1,1,1,3,291
system-design-primer,donnemartin,2023-02-12T04:05:38Z,2023-03-28 16:25:42,0,1068.3344444444444,1,1,1,0,2,57
system-design-primer,donnemartin,2023-02-12T09:44:05Z,2024-02-02 13:34:40,0,8523.843055555555,2,2,1,0,2,147
system-design-primer,donnemartin,2023-02-17T16:57:41Z,2023-04-09 05:17:57,0,1212.3377777777778,1,0,1,0,2,473
system-design-primer,donnemartin,2023-02-21T09:15:37Z,2023-04-10 09:35:39,0,1152.3338888888889,5,5,1,0,2,41
system-design-primer,donnemartin,2023-03-08T22:02:32Z,2023-03-16 09:58:20,1,179.93,5,5,1,1,2,353
system-design-primer,donnemartin,2023-05-25T17:32:32Z,2023-08-04 19:30:52,0,1705.9722222222222,0,0,1,3,2,0
system-design-primer,donnemartin,2023-11-25T23:44:22Z,2024-08-23 18:57:43,0,6523.2225,11,13,1,0,2,1076
system-design-primer,donnemartin,2023-12-02T14:56:04Z,2023-12-03 09:59:05,0,19.05027777777778,1,1,1,0,1,10
system-design-primer,donnemartin,2023-12-08T18:45:53Z,2024-01-17 14:46:50,0,956.0158333333334,5,0,2,3,1,291
system-design-primer,donnemartin,2023-12-30T05:24:35Z,2024-05-14 05:46:44,2,3264.369166666667,1,1,1,0,3,126
system-design-primer,donnemartin,2024-01-13T04:37:59Z,2024-03-15 03:57:31,0,1487.3255555555556,1,0,1,1,1,19
system-design-primer,donnemartin,2024-01-16T21:27:40Z,2024-04-09 18:54:59,0,2013.4552777777778,1,1,1,0,1,626
system-design-primer,donnemartin,2024-02-22T15:23:46Z,2024-06-26 00:14:51,1,2984.851388888889,10,0,2,0,2,291
system-design-primer,donnemartin,2024-04-25T10:58:19Z,2024-06-29 00:09:30,2,1549.1863888888888,8,8,4,0,3,0
system-design-primer,donnemartin,2024-06-16T21:03:10Z,2024-07-16 14:52:00,3,713.8138888888889,1838,0,1,6,7,769
system-design-primer,donnemartin,2024-06-18T09:29:17Z,2024-06-23 17:36:45,1,128.12444444444444,2,2,1,0,2,199
system-design-primer,donnemartin,2024-07-30T23:11:41Z,2024-08-02 07:36:25,0,56.41222222222222,1,1,1,1,2,638
system-design-primer,donnemartin,2024-08-07T06:42:13Z,2024-08-11 08:30:35,0,97.80611111111111,2,2,1,0,1,291
